updateMode,updateIdentifier,recordType
Add,"Burhaus Family papers",Collection
Add,"Warfield Family papers",Collection
Add,"Felix Agnus papers",Collection
Add,"Messrs. Freeman and Almy archives",Collection
Add,"Joseph Raynes papers",Collection
Add,"John William Stewart Family papers",Collection
Add,"Preston Family papers",Collection
Add,"Mary Eliza Bradbury papers",Collection
Add,"Brooke Family Papers",Collection
Add,"Willis A. Pomeroy papers",Collection
Add,"Thomas Kensett Family papers",Collection
Add,"Sellman Family papers",Collection
Add,"Maryland Manuscripts collection",Collection
Add,"Preston Family Papers",Collection
Add,"Sterling Family papers",Collection
Add,"Leonidas Dodson papers",Collection
Add,"Hamilton Family papers",Collection
Add,"John E. Rastall papers",Collection
Add,"Robert Gilmor and William Trippe Papers",Collection
Add,"Brooke Family papers",Collection
Add,"Claude-Gray-Hughes-Tuck-Whittington Family papers",Collection
Add,"Osburn Family papers",Collection
Add,"Clara Barton papers",Collection
Add,"William Emory papers",Collection
Add,"Hepburn Family Papers",Collection
