umd:3393,http://hdl.handle.net/1903.1/1775
umd:3398,http://hdl.handle.net/1903.1/1776
umd:3403,http://hdl.handle.net/1903.1/1777
umd:3408,http://hdl.handle.net/1903.1/1778
umd:3417,http://hdl.handle.net/1903.1/1781
umd:3422,http://hdl.handle.net/1903.1/1782
umd:3463,http://hdl.handle.net/1903.1/1801
umd:3468,http://hdl.handle.net/1903.1/1802
umd:3473,http://hdl.handle.net/1903.1/1803
umd:3477,http://hdl.handle.net/1903.1/1804
umd:4073,http://hdl.handle.net/1903.1/2098
umd:4075,http://hdl.handle.net/1903.1/2099
umd:4077,http://hdl.handle.net/1903.1/2100
umd:4079,http://hdl.handle.net/1903.1/2101
umd:4429,http://hdl.handle.net/1903.1/2275
umd:4434,http://hdl.handle.net/1903.1/2277
umd:4438,http://hdl.handle.net/1903.1/2279
umd:4457,http://hdl.handle.net/1903.1/2286
umd:4498,http://hdl.handle.net/1903.1/2306
umd:4539,http://hdl.handle.net/1903.1/2326
umd:4543,http://hdl.handle.net/1903.1/2328
umd:4547,http://hdl.handle.net/1903.1/2330
umd:4553,http://hdl.handle.net/1903.1/2333
umd:4558,http://hdl.handle.net/1903.1/2335
umd:4569,http://hdl.handle.net/1903.1/2340
umd:4572,http://hdl.handle.net/1903.1/2341
umd:4577,http://hdl.handle.net/1903.1/2343
umd:4588,http://hdl.handle.net/1903.1/2348
umd:4601,http://hdl.handle.net/1903.1/2354
umd:4603,http://hdl.handle.net/1903.1/2355
umd:4607,http://hdl.handle.net/1903.1/2357
umd:4611,http://hdl.handle.net/1903.1/2359
umd:4613,http://hdl.handle.net/1903.1/2360
umd:4618,http://hdl.handle.net/1903.1/2362
umd:4622,http://hdl.handle.net/1903.1/2364
umd:4627,http://hdl.handle.net/1903.1/2366
umd:4633,http://hdl.handle.net/1903.1/2368
umd:4637,http://hdl.handle.net/1903.1/2370
umd:4645,http://hdl.handle.net/1903.1/2373
umd:4652,http://hdl.handle.net/1903.1/2376
umd:4658,http://hdl.handle.net/1903.1/2379
umd:4666,http://hdl.handle.net/1903.1/2383
umd:4668,http://hdl.handle.net/1903.1/2384
umd:4670,http://hdl.handle.net/1903.1/2385
umd:4675,http://hdl.handle.net/1903.1/2387
umd:4686,http://hdl.handle.net/1903.1/2392
umd:4695,http://hdl.handle.net/1903.1/2396
umd:4698,http://hdl.handle.net/1903.1/2397
umd:4700,http://hdl.handle.net/1903.1/2398
umd:4704,http://hdl.handle.net/1903.1/2400
umd:4936,http://hdl.handle.net/1903.1/2471
umd:4947,http://hdl.handle.net/1903.1/2473
umd:4955,http://hdl.handle.net/1903.1/2475
umd:4959,http://hdl.handle.net/1903.1/2476
umd:4962,http://hdl.handle.net/1903.1/2477
umd:4966,http://hdl.handle.net/1903.1/2478
umd:4977,http://hdl.handle.net/1903.1/2482
umd:4981,http://hdl.handle.net/1903.1/2483
umd:4985,http://hdl.handle.net/1903.1/2484
umd:4990,http://hdl.handle.net/1903.1/2485
umd:4994,http://hdl.handle.net/1903.1/2486
umd:5003,http://hdl.handle.net/1903.1/2489
umd:5007,http://hdl.handle.net/1903.1/2490
umd:5010,http://hdl.handle.net/1903.1/2491
umd:5055,http://hdl.handle.net/1903.1/2504
umd:5058,http://hdl.handle.net/1903.1/2505
umd:5060,http://hdl.handle.net/1903.1/2506
umd:5063,http://hdl.handle.net/1903.1/2507
umd:5067,http://hdl.handle.net/1903.1/2508
umd:5070,http://hdl.handle.net/1903.1/2509
umd:5077,http://hdl.handle.net/1903.1/2512
umd:5084,http://hdl.handle.net/1903.1/2514
umd:5089,http://hdl.handle.net/1903.1/2515
umd:5094,http://hdl.handle.net/1903.1/2517
umd:5097,http://hdl.handle.net/1903.1/2518
umd:5105,http://hdl.handle.net/1903.1/2521
umd:5110,http://hdl.handle.net/1903.1/2522
umd:5115,http://hdl.handle.net/1903.1/2523
umd:59757,http://hdl.handle.net/1903.1/6496
umd:59760,http://hdl.handle.net/1903.1/6498
umd:59765,http://hdl.handle.net/1903.1/6502
umd:59768,http://hdl.handle.net/1903.1/6504
umd:59770,http://hdl.handle.net/1903.1/6505
umd:59772,http://hdl.handle.net/1903.1/6506
umd:59773,http://hdl.handle.net/1903.1/6507
umd:59774,http://hdl.handle.net/1903.1/6508
umd:63109,http://hdl.handle.net/1903.1/7393
umd:63830,http://hdl.handle.net/1903.1/7573
umd:64139,http://hdl.handle.net/1903.1/7665
umd:64537,http://hdl.handle.net/1903.1/7746
umd:64603,http://hdl.handle.net/1903.1/7757
umd:64604,http://hdl.handle.net/1903.1/7758
umd:64606,http://hdl.handle.net/1903.1/7760
umd:64607,http://hdl.handle.net/1903.1/7761
umd:68101,http://hdl.handle.net/1903.1/8761
umd:68102,http://hdl.handle.net/1903.1/8762
umd:68103,http://hdl.handle.net/1903.1/8763
umd:68104,http://hdl.handle.net/1903.1/8764
umd:68105,http://hdl.handle.net/1903.1/8765
umd:68106,http://hdl.handle.net/1903.1/8766
umd:68119,http://hdl.handle.net/1903.1/8767
umd:68665,http://hdl.handle.net/1903.1/8882
umd:68666,http://hdl.handle.net/1903.1/8883
umd:68667,http://hdl.handle.net/1903.1/8884
umd:68987,http://hdl.handle.net/1903.1/9017
umd:68988,http://hdl.handle.net/1903.1/9018
umd:68989,http://hdl.handle.net/1903.1/9019
umd:68991,http://hdl.handle.net/1903.1/9021
umd:69472,http://hdl.handle.net/1903.1/9122
umd:69477,http://hdl.handle.net/1903.1/9125
umd:69480,http://hdl.handle.net/1903.1/9128
umd:69484,http://hdl.handle.net/1903.1/9129
umd:69485,http://hdl.handle.net/1903.1/9130
umd:69486,http://hdl.handle.net/1903.1/9131
umd:69488,http://hdl.handle.net/1903.1/9132
umd:69489,http://hdl.handle.net/1903.1/9133
umd:69491,http://hdl.handle.net/1903.1/9134
umd:69492,http://hdl.handle.net/1903.1/9135
umd:69494,http://hdl.handle.net/1903.1/9137
umd:69495,http://hdl.handle.net/1903.1/9138
umd:69496,http://hdl.handle.net/1903.1/9139
umd:69497,http://hdl.handle.net/1903.1/9140
umd:69499,http://hdl.handle.net/1903.1/9141
umd:78314,http://hdl.handle.net/1903.1/11357
umd:78433,http://hdl.handle.net/1903.1/11402
umd:78434,http://hdl.handle.net/1903.1/11403
umd:79619,http://hdl.handle.net/1903.1/11662
umd:79758,http://hdl.handle.net/1903.1/11710
umd:79922,http://hdl.handle.net/1903.1/11769
umd:79923,http://hdl.handle.net/1903.1/11770
umd:79924,http://hdl.handle.net/1903.1/11771
umd:79925,http://hdl.handle.net/1903.1/11772
umd:79926,http://hdl.handle.net/1903.1/11773
umd:79927,http://hdl.handle.net/1903.1/11774
umd:79928,http://hdl.handle.net/1903.1/11775
umd:80558,http://hdl.handle.net/1903.1/12184
umd:80559,http://hdl.handle.net/1903.1/12185
umd:80560,http://hdl.handle.net/1903.1/12186
umd:80561,http://hdl.handle.net/1903.1/12187
umd:80562,http://hdl.handle.net/1903.1/12188
umd:80563,http://hdl.handle.net/1903.1/12189
umd:80564,http://hdl.handle.net/1903.1/12190
umd:80565,http://hdl.handle.net/1903.1/12191
umd:80566,http://hdl.handle.net/1903.1/12192
umd:80567,http://hdl.handle.net/1903.1/12193
umd:80568,http://hdl.handle.net/1903.1/12194
umd:80569,http://hdl.handle.net/1903.1/12195
umd:80570,http://hdl.handle.net/1903.1/12196
umd:80571,http://hdl.handle.net/1903.1/12197
umd:80572,http://hdl.handle.net/1903.1/12198
umd:80573,http://hdl.handle.net/1903.1/12199
umd:80574,http://hdl.handle.net/1903.1/12200
umd:80575,http://hdl.handle.net/1903.1/12201
umd:80576,http://hdl.handle.net/1903.1/12202
umd:80577,http://hdl.handle.net/1903.1/12203
umd:80578,http://hdl.handle.net/1903.1/12204
umd:80579,http://hdl.handle.net/1903.1/12205
umd:80580,http://hdl.handle.net/1903.1/12206
umd:80581,http://hdl.handle.net/1903.1/12207
umd:80582,http://hdl.handle.net/1903.1/12208
umd:80583,http://hdl.handle.net/1903.1/12209
umd:82304,http://hdl.handle.net/1903.1/12578
umd:82543,http://hdl.handle.net/1903.1/12621
umd:82544,http://hdl.handle.net/1903.1/12622
umd:82545,http://hdl.handle.net/1903.1/12623
umd:82546,http://hdl.handle.net/1903.1/12624
umd:82552,http://hdl.handle.net/1903.1/12628
umd:82553,http://hdl.handle.net/1903.1/12629
umd:82601,http://hdl.handle.net/1903.1/12647
umd:83826,http://hdl.handle.net/1903.1/12855
umd:83827,http://hdl.handle.net/1903.1/12856
umd:83828,http://hdl.handle.net/1903.1/12857
umd:83829,http://hdl.handle.net/1903.1/12858
umd:84225,http://hdl.handle.net/1903.1/12935
umd:84226,http://hdl.handle.net/1903.1/12936
umd:85338,http://hdl.handle.net/1903.1/13185
umd:85826,http://hdl.handle.net/1903.1/13274
umd:88951,http://hdl.handle.net/1903.1/13690
umd:94405,http://hdl.handle.net/1903.1/15344
umd:94406,http://hdl.handle.net/1903.1/15345
umd:94407,http://hdl.handle.net/1903.1/15346
umd:94408,http://hdl.handle.net/1903.1/15347
umd:94409,http://hdl.handle.net/1903.1/15348
umd:94410,http://hdl.handle.net/1903.1/15349
umd:94411,http://hdl.handle.net/1903.1/15350
umd:94442,http://hdl.handle.net/1903.1/15358
umd:94445,http://hdl.handle.net/1903.1/15360
umd:94449,http://hdl.handle.net/1903.1/15362
umd:94451,http://hdl.handle.net/1903.1/15363
umd:94454,http://hdl.handle.net/1903.1/15365
umd:94455,http://hdl.handle.net/1903.1/15366
umd:99359,http://hdl.handle.net/1903.1/16261
umd:99479,http://hdl.handle.net/1903.1/16273
umd:164273,http://hdl.handle.net/1903.1/18954
umd:164278,http://hdl.handle.net/1903.1/18955
umd:164283,http://hdl.handle.net/1903.1/18956
umd:164286,http://hdl.handle.net/1903.1/18958
umd:164288,http://hdl.handle.net/1903.1/18959
umd:164299,http://hdl.handle.net/1903.1/18966
umd:164348,http://hdl.handle.net/1903.1/19005
umd:164362,http://hdl.handle.net/1903.1/19011
umd:164367,http://hdl.handle.net/1903.1/19012
umd:164369,http://hdl.handle.net/1903.1/19013
umd:164372,http://hdl.handle.net/1903.1/19014
umd:164375,http://hdl.handle.net/1903.1/19016
umd:164378,http://hdl.handle.net/1903.1/19017
umd:164381,http://hdl.handle.net/1903.1/19018
umd:164384,http://hdl.handle.net/1903.1/19019
umd:164389,http://hdl.handle.net/1903.1/19022
umd:164391,http://hdl.handle.net/1903.1/19023
umd:164398,http://hdl.handle.net/1903.1/19030
umd:164405,http://hdl.handle.net/1903.1/19032
umd:164407,http://hdl.handle.net/1903.1/19033
umd:164411,http://hdl.handle.net/1903.1/19035
umd:164415,http://hdl.handle.net/1903.1/19038
umd:164421,http://hdl.handle.net/1903.1/19043
umd:164489,http://hdl.handle.net/1903.1/19087
umd:164494,http://hdl.handle.net/1903.1/19090
umd:164498,http://hdl.handle.net/1903.1/19093
umd:164514,http://hdl.handle.net/1903.1/19107
umd:164591,http://hdl.handle.net/1903.1/19147
umd:164702,http://hdl.handle.net/1903.1/19180
umd:164813,http://hdl.handle.net/1903.1/19202
umd:164927,http://hdl.handle.net/1903.1/19230
umd:164952,http://hdl.handle.net/1903.1/19232
umd:165009,http://hdl.handle.net/1903.1/19244
umd:165011,http://hdl.handle.net/1903.1/19245
umd:165021,http://hdl.handle.net/1903.1/19248
umd:165078,http://hdl.handle.net/1903.1/19266
umd:165082,http://hdl.handle.net/1903.1/19267
umd:165111,http://hdl.handle.net/1903.1/19277
umd:165114,http://hdl.handle.net/1903.1/19278
umd:165120,http://hdl.handle.net/1903.1/19279
umd:165125,http://hdl.handle.net/1903.1/19280
umd:165288,http://hdl.handle.net/1903.1/19353
umd:165377,http://hdl.handle.net/1903.1/19382
umd:165399,http://hdl.handle.net/1903.1/19384
umd:165412,http://hdl.handle.net/1903.1/19385
umd:165421,http://hdl.handle.net/1903.1/19386
umd:165445,http://hdl.handle.net/1903.1/19387
umd:165484,http://hdl.handle.net/1903.1/19388
umd:165509,http://hdl.handle.net/1903.1/19389
umd:165521,http://hdl.handle.net/1903.1/19390
umd:165526,http://hdl.handle.net/1903.1/19391
umd:165570,http://hdl.handle.net/1903.1/19392
umd:165572,http://hdl.handle.net/1903.1/19393
umd:165581,http://hdl.handle.net/1903.1/19394
umd:165586,http://hdl.handle.net/1903.1/19396
umd:165603,http://hdl.handle.net/1903.1/19401
umd:165607,http://hdl.handle.net/1903.1/19402
umd:165614,http://hdl.handle.net/1903.1/19407
umd:165712,http://hdl.handle.net/1903.1/19421
umd:165817,http://hdl.handle.net/1903.1/19443
umd:165822,http://hdl.handle.net/1903.1/19444
umd:166152,http://hdl.handle.net/1903.1/19546
umd:166158,http://hdl.handle.net/1903.1/19549
umd:166175,http://hdl.handle.net/1903.1/19560
umd:166207,http://hdl.handle.net/1903.1/19562
umd:166322,http://hdl.handle.net/1903.1/19603
umd:166485,http://hdl.handle.net/1903.1/19622
umd:166863,http://hdl.handle.net/1903.1/19669
umd:167050,http://hdl.handle.net/1903.1/19680
umd:167170,http://hdl.handle.net/1903.1/19687
umd:167252,http://hdl.handle.net/1903.1/19703
umd:167259,http://hdl.handle.net/1903.1/19706
umd:167262,http://hdl.handle.net/1903.1/19707
umd:167419,http://hdl.handle.net/1903.1/19711
umd:180572,http://hdl.handle.net/1903.1/20062
umd:183408,http://hdl.handle.net/1903.1/20129
umd:183419,http://hdl.handle.net/1903.1/20135
umd:183434,http://hdl.handle.net/1903.1/20136
umd:184579,http://hdl.handle.net/1903.1/20201
umd:184603,http://hdl.handle.net/1903.1/20204
umd:189069,http://hdl.handle.net/1903.1/20296
umd:189129,http://hdl.handle.net/1903.1/20297
umd:189131,http://hdl.handle.net/1903.1/20298
umd:192366,http://hdl.handle.net/1903.1/20351
umd:192371,http://hdl.handle.net/1903.1/20352
umd:192374,http://hdl.handle.net/1903.1/20353
umd:192377,http://hdl.handle.net/1903.1/20354
umd:192380,http://hdl.handle.net/1903.1/20355
umd:192384,http://hdl.handle.net/1903.1/20356
umd:192403,http://hdl.handle.net/1903.1/20357
umd:193302,http://hdl.handle.net/1903.1/20368
umd:194351,http://hdl.handle.net/1903.1/20370
umd:194386,http://hdl.handle.net/1903.1/20379
umd:194401,http://hdl.handle.net/1903.1/20381
umd:202164,http://hdl.handle.net/1903.1/20495
umd:206360,http://hdl.handle.net/1903.1/20595
umd:211457,http://hdl.handle.net/1903.1/20669
umd:212641,http://hdl.handle.net/1903.1/20685
umd:212752,http://hdl.handle.net/1903.1/20687
umd:212773,http://hdl.handle.net/1903.1/20688
umd:212776,http://hdl.handle.net/1903.1/20689
umd:212899,http://hdl.handle.net/1903.1/20694
umd:213964,http://hdl.handle.net/1903.1/20713
umd:219267,http://hdl.handle.net/1903.1/20790
umd:220345,http://hdl.handle.net/1903.1/20834
umd:221648,http://hdl.handle.net/1903.1/20854
umd:222711,http://hdl.handle.net/1903.1/20860
umd:227896,http://hdl.handle.net/1903.1/20963
umd:229967,http://hdl.handle.net/1903.1/20995
umd:238240,http://hdl.handle.net/1903.1/21101
umd:238393,http://hdl.handle.net/1903.1/21112
umd:238499,http://hdl.handle.net/1903.1/21116
umd:238689,http://hdl.handle.net/1903.1/21118
umd:238766,http://hdl.handle.net/1903.1/21119
umd:238920,http://hdl.handle.net/1903.1/21120
umd:238944,http://hdl.handle.net/1903.1/21121
umd:238952,http://hdl.handle.net/1903.1/21122
umd:238965,http://hdl.handle.net/1903.1/21123
umd:238974,http://hdl.handle.net/1903.1/21124
umd:239931,http://hdl.handle.net/1903.1/21126
umd:239937,http://hdl.handle.net/1903.1/21135
umd:239976,http://hdl.handle.net/1903.1/21137
umd:239993,http://hdl.handle.net/1903.1/21143
umd:241018,http://hdl.handle.net/1903.1/21155
umd:241079,http://hdl.handle.net/1903.1/21156
umd:246391,http://hdl.handle.net/1903.1/21203
umd:246446,http://hdl.handle.net/1903.1/21205
umd:247493,http://hdl.handle.net/1903.1/21219
umd:247494,http://hdl.handle.net/1903.1/21220
umd:247631,http://hdl.handle.net/1903.1/21221
umd:247638,http://hdl.handle.net/1903.1/21222
umd:248722,http://hdl.handle.net/1903.1/21231
umd:249831,http://hdl.handle.net/1903.1/21234
umd:249843,http://hdl.handle.net/1903.1/21238
umd:249857,http://hdl.handle.net/1903.1/21246
umd:249871,http://hdl.handle.net/1903.1/21248
umd:250023,http://hdl.handle.net/1903.1/21254
umd:250089,http://hdl.handle.net/1903.1/21255
umd:250162,http://hdl.handle.net/1903.1/21256
umd:250192,http://hdl.handle.net/1903.1/21257
umd:250195,http://hdl.handle.net/1903.1/21258
umd:250198,http://hdl.handle.net/1903.1/21259
umd:250200,http://hdl.handle.net/1903.1/21260
umd:250205,http://hdl.handle.net/1903.1/21261
umd:250210,http://hdl.handle.net/1903.1/21262
umd:250214,http://hdl.handle.net/1903.1/21263
umd:251362,http://hdl.handle.net/1903.1/21281
umd:251582,http://hdl.handle.net/1903.1/21332
umd:259747,http://hdl.handle.net/1903.1/21789
umd:259753,http://hdl.handle.net/1903.1/21791
umd:259759,http://hdl.handle.net/1903.1/21793
umd:259775,http://hdl.handle.net/1903.1/21800
umd:259787,http://hdl.handle.net/1903.1/21804
umd:259794,http://hdl.handle.net/1903.1/21806
umd:259799,http://hdl.handle.net/1903.1/21807
umd:259808,http://hdl.handle.net/1903.1/21812
umd:259817,http://hdl.handle.net/1903.1/21815
umd:259826,http://hdl.handle.net/1903.1/21819
umd:259833,http://hdl.handle.net/1903.1/21822
umd:259840,http://hdl.handle.net/1903.1/21825
umd:259855,http://hdl.handle.net/1903.1/21831
umd:259858,http://hdl.handle.net/1903.1/21832
umd:259912,http://hdl.handle.net/1903.1/21838
umd:259930,http://hdl.handle.net/1903.1/21840
umd:259937,http://hdl.handle.net/1903.1/21842
umd:259941,http://hdl.handle.net/1903.1/21844
umd:265074,http://hdl.handle.net/1903.1/21919
umd:265079,http://hdl.handle.net/1903.1/21920
umd:265082,http://hdl.handle.net/1903.1/21921
umd:265085,http://hdl.handle.net/1903.1/21922
umd:265088,http://hdl.handle.net/1903.1/21923
umd:265091,http://hdl.handle.net/1903.1/21924
umd:265096,http://hdl.handle.net/1903.1/21925
umd:265099,http://hdl.handle.net/1903.1/21926
umd:265102,http://hdl.handle.net/1903.1/21927
umd:265105,http://hdl.handle.net/1903.1/21928
umd:265107,http://hdl.handle.net/1903.1/21929
umd:265110,http://hdl.handle.net/1903.1/21930
umd:383866,http://hdl.handle.net/1903.1/25288
umd:383939,http://hdl.handle.net/1903.1/25300
umd:383945,http://hdl.handle.net/1903.1/25302
umd:383949,http://hdl.handle.net/1903.1/25303
umd:383953,http://hdl.handle.net/1903.1/25304
umd:383964,http://hdl.handle.net/1903.1/25307
umd:383968,http://hdl.handle.net/1903.1/25308
umd:383973,http://hdl.handle.net/1903.1/25309
umd:393648,http://hdl.handle.net/1903.1/25397
umd:394749,http://hdl.handle.net/1903.1/25420
umd:395839,http://hdl.handle.net/1903.1/25432
umd:395842,http://hdl.handle.net/1903.1/25433
umd:395857,http://hdl.handle.net/1903.1/25437
umd:395861,http://hdl.handle.net/1903.1/25440
umd:396882,http://hdl.handle.net/1903.1/25455
umd:397897,http://hdl.handle.net/1903.1/25457
umd:397900,http://hdl.handle.net/1903.1/25459
umd:397904,http://hdl.handle.net/1903.1/25461
umd:397913,http://hdl.handle.net/1903.1/25464
umd:398950,http://hdl.handle.net/1903.1/25478
umd:398953,http://hdl.handle.net/1903.1/25479
umd:404349,http://hdl.handle.net/1903.1/25532
umd:404356,http://hdl.handle.net/1903.1/25533
umd:404361,http://hdl.handle.net/1903.1/25534
umd:405547,http://hdl.handle.net/1903.1/25543
umd:405558,http://hdl.handle.net/1903.1/25544
umd:405574,http://hdl.handle.net/1903.1/25545
umd:405591,http://hdl.handle.net/1903.1/25546
umd:405607,http://hdl.handle.net/1903.1/25547
umd:406696,http://hdl.handle.net/1903.1/25575
umd:406699,http://hdl.handle.net/1903.1/25576
umd:406709,http://hdl.handle.net/1903.1/25577
umd:406718,http://hdl.handle.net/1903.1/25578
umd:406754,http://hdl.handle.net/1903.1/25583
umd:406757,http://hdl.handle.net/1903.1/25584
umd:406758,http://hdl.handle.net/1903.1/25585
umd:406766,http://hdl.handle.net/1903.1/25588
umd:407816,http://hdl.handle.net/1903.1/25605
umd:413181,http://hdl.handle.net/1903.1/25670
umd:414342,http://hdl.handle.net/1903.1/25689
umd:414346,http://hdl.handle.net/1903.1/25691
umd:414352,http://hdl.handle.net/1903.1/25692
umd:414409,http://hdl.handle.net/1903.1/25695
umd:414414,http://hdl.handle.net/1903.1/25697
umd:414420,http://hdl.handle.net/1903.1/25698
umd:414464,http://hdl.handle.net/1903.1/25699
umd:414473,http://hdl.handle.net/1903.1/25700
umd:414489,http://hdl.handle.net/1903.1/25701
umd:417732,http://hdl.handle.net/1903.1/25750
umd:417743,http://hdl.handle.net/1903.1/25751
umd:417747,http://hdl.handle.net/1903.1/25752
umd:417751,http://hdl.handle.net/1903.1/25753
umd:417758,http://hdl.handle.net/1903.1/25754
umd:417759,http://hdl.handle.net/1903.1/25755
umd:417765,http://hdl.handle.net/1903.1/25756
umd:417767,http://hdl.handle.net/1903.1/25758
umd:417779,http://hdl.handle.net/1903.1/25759
umd:417784,http://hdl.handle.net/1903.1/25760
umd:417787,http://hdl.handle.net/1903.1/25761
umd:417790,http://hdl.handle.net/1903.1/25763
umd:420983,http://hdl.handle.net/1903.1/25808
umd:421013,http://hdl.handle.net/1903.1/25809
umd:421019,http://hdl.handle.net/1903.1/25812
umd:421029,http://hdl.handle.net/1903.1/25813
umd:421030,http://hdl.handle.net/1903.1/25814
umd:421034,http://hdl.handle.net/1903.1/25816
umd:421049,http://hdl.handle.net/1903.1/25817
umd:421052,http://hdl.handle.net/1903.1/25818
umd:421056,http://hdl.handle.net/1903.1/25819
umd:421057,http://hdl.handle.net/1903.1/25820
umd:421064,http://hdl.handle.net/1903.1/25821
umd:421065,http://hdl.handle.net/1903.1/25822
umd:421097,http://hdl.handle.net/1903.1/25824
umd:421101,http://hdl.handle.net/1903.1/25825
umd:421106,http://hdl.handle.net/1903.1/25826
umd:421109,http://hdl.handle.net/1903.1/25827
umd:421110,http://hdl.handle.net/1903.1/25828
umd:424316,http://hdl.handle.net/1903.1/25829
umd:424320,http://hdl.handle.net/1903.1/25832
umd:424334,http://hdl.handle.net/1903.1/25833
umd:424339,http://hdl.handle.net/1903.1/25834
umd:424344,http://hdl.handle.net/1903.1/25835
umd:424351,http://hdl.handle.net/1903.1/25836
umd:454996,http://hdl.handle.net/1903.1/26429
umd:455020,http://hdl.handle.net/1903.1/26435
umd:458380,http://hdl.handle.net/1903.1/26471
umd:459466,http://hdl.handle.net/1903.1/26484
umd:459469,http://hdl.handle.net/1903.1/26485
umd:459472,http://hdl.handle.net/1903.1/26486
umd:459477,http://hdl.handle.net/1903.1/26487
umd:459486,http://hdl.handle.net/1903.1/26488
umd:459493,http://hdl.handle.net/1903.1/26489
umd:459496,http://hdl.handle.net/1903.1/26490
umd:460553,http://hdl.handle.net/1903.1/26516
umd:460560,http://hdl.handle.net/1903.1/26518
umd:465960,http://hdl.handle.net/1903.1/26581
umd:466988,http://hdl.handle.net/1903.1/26602
umd:466991,http://hdl.handle.net/1903.1/26603
umd:466994,http://hdl.handle.net/1903.1/26604
umd:467001,http://hdl.handle.net/1903.1/26605
umd:470141,http://hdl.handle.net/1903.1/26645
umd:470153,http://hdl.handle.net/1903.1/26689
umd:470158,http://hdl.handle.net/1903.1/26690
umd:470161,http://hdl.handle.net/1903.1/26691
umd:470164,http://hdl.handle.net/1903.1/26692
umd:470167,http://hdl.handle.net/1903.1/26693
umd:470172,http://hdl.handle.net/1903.1/26694
umd:470175,http://hdl.handle.net/1903.1/26695
umd:477807,http://hdl.handle.net/1903.1/27750
umd:477816,http://hdl.handle.net/1903.1/27751
umd:477821,http://hdl.handle.net/1903.1/27752
umd:477828,http://hdl.handle.net/1903.1/27753
umd:477833,http://hdl.handle.net/1903.1/27754
umd:477838,http://hdl.handle.net/1903.1/27755
umd:477853,http://hdl.handle.net/1903.1/27756
umd:477858,http://hdl.handle.net/1903.1/27757
umd:477861,http://hdl.handle.net/1903.1/27758
umd:482322,http://hdl.handle.net/1903.1/28289
umd:486616,http://hdl.handle.net/1903.1/28914
umd:489921,http://hdl.handle.net/1903.1/28938
umd:490282,http://hdl.handle.net/1903.1/28948
umd:491357,http://hdl.handle.net/1903.1/29048
umd:491368,http://hdl.handle.net/1903.1/29112
umd:491372,http://hdl.handle.net/1903.1/29113
umd:495642,http://hdl.handle.net/1903.1/29172
umd:495646,http://hdl.handle.net/1903.1/29173
umd:495649,http://hdl.handle.net/1903.1/29174
umd:495653,http://hdl.handle.net/1903.1/29176
umd:497721,http://hdl.handle.net/1903.1/29187
umd:505153,http://hdl.handle.net/1903.1/29242
umd:505156,http://hdl.handle.net/1903.1/29243
umd:505159,http://hdl.handle.net/1903.1/29244
umd:505163,http://hdl.handle.net/1903.1/29246
umd:505166,http://hdl.handle.net/1903.1/29247
umd:505170,http://hdl.handle.net/1903.1/29248
umd:505173,http://hdl.handle.net/1903.1/29249
umd:506227,http://hdl.handle.net/1903.1/29275
umd:506230,http://hdl.handle.net/1903.1/29276
umd:506233,http://hdl.handle.net/1903.1/29277
umd:506238,http://hdl.handle.net/1903.1/29289
umd:506243,http://hdl.handle.net/1903.1/29290
umd:506248,http://hdl.handle.net/1903.1/29291
umd:506253,http://hdl.handle.net/1903.1/29292
umd:506258,http://hdl.handle.net/1903.1/29293
umd:509456,http://hdl.handle.net/1903.1/29337
umd:509461,http://hdl.handle.net/1903.1/29339
umd:509476,http://hdl.handle.net/1903.1/29340
umd:509489,http://hdl.handle.net/1903.1/29341
umd:509494,http://hdl.handle.net/1903.1/29342
umd:509499,http://hdl.handle.net/1903.1/29343
umd:509506,http://hdl.handle.net/1903.1/29344
umd:513903,http://hdl.handle.net/1903.1/29369
umd:519180,http://hdl.handle.net/1903.1/29374
umd:519189,http://hdl.handle.net/1903.1/29375
umd:519194,http://hdl.handle.net/1903.1/29376
umd:519199,http://hdl.handle.net/1903.1/29378
umd:519202,http://hdl.handle.net/1903.1/29409
umd:526652,http://hdl.handle.net/1903.1/29462
umd:526656,http://hdl.handle.net/1903.1/29463
umd:526659,http://hdl.handle.net/1903.1/29464
umd:526662,http://hdl.handle.net/1903.1/29465
umd:526672,http://hdl.handle.net/1903.1/29466
umd:526675,http://hdl.handle.net/1903.1/29467
umd:526679,http://hdl.handle.net/1903.1/29468
umd:526684,http://hdl.handle.net/1903.1/29470
umd:531929,http://hdl.handle.net/1903.1/29476
umd:531934,http://hdl.handle.net/1903.1/29477
umd:531938,http://hdl.handle.net/1903.1/29478
umd:531941,http://hdl.handle.net/1903.1/29479
umd:531945,http://hdl.handle.net/1903.1/29480
umd:531948,http://hdl.handle.net/1903.1/29547
umd:531949,http://hdl.handle.net/1903.1/29548
umd:531958,http://hdl.handle.net/1903.1/29549
umd:531968,http://hdl.handle.net/1903.1/29550
umd:531974,http://hdl.handle.net/1903.1/29551
umd:531975,http://hdl.handle.net/1903.1/29552
umd:537275,http://hdl.handle.net/1903.1/29607
umd:537288,http://hdl.handle.net/1903.1/29608
umd:541627,http://hdl.handle.net/1903.1/29634
umd:542729,http://hdl.handle.net/1903.1/29635
umd:542732,http://hdl.handle.net/1903.1/29647
umd:542743,http://hdl.handle.net/1903.1/29650
umd:553445,http://hdl.handle.net/1903.1/29769
umd:553457,http://hdl.handle.net/1903.1/29774
umd:553471,http://hdl.handle.net/1903.1/29788
umd:553493,http://hdl.handle.net/1903.1/29793
umd:553499,http://hdl.handle.net/1903.1/29795
umd:557791,http://hdl.handle.net/1903.1/29833
umd:564256,http://hdl.handle.net/1903.1/29937
umd:580298,http://hdl.handle.net/1903.1/30089
umd:604780,http://hdl.handle.net/1903.1/30386
umd:667017,http://hdl.handle.net/1903.1/30945
umd:671013,http://hdl.handle.net/1903.1/31221
umd:671117,http://hdl.handle.net/1903.1/31223
umd:671270,http://hdl.handle.net/1903.1/31224
umd:671404,http://hdl.handle.net/1903.1/31229
umd:671863,http://hdl.handle.net/1903.1/31235
umd:672626,http://hdl.handle.net/1903.1/31239
umd:672643,http://hdl.handle.net/1903.1/31241
umd:673083,http://hdl.handle.net/1903.1/31244
umd:673188,http://hdl.handle.net/1903.1/31248
umd:673616,http://hdl.handle.net/1903.1/31266
umd:673661,http://hdl.handle.net/1903.1/31267
umd:673928,http://hdl.handle.net/1903.1/31270
umd:673931,http://hdl.handle.net/1903.1/31271
umd:673933,http://hdl.handle.net/1903.1/31272
umd:673935,http://hdl.handle.net/1903.1/31273
umd:673937,http://hdl.handle.net/1903.1/31274
umd:673939,http://hdl.handle.net/1903.1/31275
umd:674830,http://hdl.handle.net/1903.1/31347
umd:675251,http://hdl.handle.net/1903.1/31406
umd:675294,http://hdl.handle.net/1903.1/31407
umd:675297,http://hdl.handle.net/1903.1/31408
umd:675302,http://hdl.handle.net/1903.1/31409
umd:675305,http://hdl.handle.net/1903.1/31410
umd:675310,http://hdl.handle.net/1903.1/31411
umd:675319,http://hdl.handle.net/1903.1/31412
umd:675324,http://hdl.handle.net/1903.1/31413
umd:675329,http://hdl.handle.net/1903.1/31414
umd:675334,http://hdl.handle.net/1903.1/31415
umd:675345,http://hdl.handle.net/1903.1/31416
umd:675350,http://hdl.handle.net/1903.1/31417
umd:675355,http://hdl.handle.net/1903.1/31418
umd:675374,http://hdl.handle.net/1903.1/31419
umd:675387,http://hdl.handle.net/1903.1/31420
umd:675389,http://hdl.handle.net/1903.1/31421
umd:675415,http://hdl.handle.net/1903.1/31422
umd:675424,http://hdl.handle.net/1903.1/31423
umd:675427,http://hdl.handle.net/1903.1/31424
umd:675439,http://hdl.handle.net/1903.1/31428
umd:675443,http://hdl.handle.net/1903.1/31430
umd:675453,http://hdl.handle.net/1903.1/31431
umd:675457,http://hdl.handle.net/1903.1/31433
umd:675460,http://hdl.handle.net/1903.1/31436
umd:675490,http://hdl.handle.net/1903.1/31437
umd:675495,http://hdl.handle.net/1903.1/31438
umd:675498,http://hdl.handle.net/1903.1/31439
umd:675501,http://hdl.handle.net/1903.1/31440
umd:675504,http://hdl.handle.net/1903.1/31441
umd:675507,http://hdl.handle.net/1903.1/31442
umd:675512,http://hdl.handle.net/1903.1/31443
umd:675531,http://hdl.handle.net/1903.1/31444
umd:675542,http://hdl.handle.net/1903.1/31445
umd:675557,http://hdl.handle.net/1903.1/31451
umd:675605,http://hdl.handle.net/1903.1/31452
umd:675620,http://hdl.handle.net/1903.1/31458
umd:675633,http://hdl.handle.net/1903.1/31459
umd:675855,http://hdl.handle.net/1903.1/31463
umd:675942,http://hdl.handle.net/1903.1/31464
umd:676009,http://hdl.handle.net/1903.1/31465
umd:676136,http://hdl.handle.net/1903.1/31466
umd:676475,http://hdl.handle.net/1903.1/31467
umd:676549,http://hdl.handle.net/1903.1/31468
umd:676610,http://hdl.handle.net/1903.1/31470
umd:676845,http://hdl.handle.net/1903.1/31471
umd:677132,http://hdl.handle.net/1903.1/31472
umd:677135,http://hdl.handle.net/1903.1/31473
umd:677345,http://hdl.handle.net/1903.1/31476
umd:677400,http://hdl.handle.net/1903.1/31479
umd:677408,http://hdl.handle.net/1903.1/31480
umd:677650,http://hdl.handle.net/1903.1/31492
umd:677750,http://hdl.handle.net/1903.1/31494
umd:677754,http://hdl.handle.net/1903.1/31496
umd:677761,http://hdl.handle.net/1903.1/31499
umd:677766,http://hdl.handle.net/1903.1/31500
umd:677773,http://hdl.handle.net/1903.1/31501
umd:677776,http://hdl.handle.net/1903.1/31502
umd:677781,http://hdl.handle.net/1903.1/31503
umd:677786,http://hdl.handle.net/1903.1/31504
umd:677791,http://hdl.handle.net/1903.1/31505
umd:677808,http://hdl.handle.net/1903.1/31509
umd:677811,http://hdl.handle.net/1903.1/31510
umd:677814,http://hdl.handle.net/1903.1/31511
umd:677817,http://hdl.handle.net/1903.1/31512
umd:677828,http://hdl.handle.net/1903.1/31514
umd:677860,http://hdl.handle.net/1903.1/31515
umd:677872,http://hdl.handle.net/1903.1/31517
umd:677887,http://hdl.handle.net/1903.1/31521
umd:677890,http://hdl.handle.net/1903.1/31522
umd:677904,http://hdl.handle.net/1903.1/31527
umd:677907,http://hdl.handle.net/1903.1/31528
umd:677944,http://hdl.handle.net/1903.1/31533
umd:677995,http://hdl.handle.net/1903.1/31545
umd:678000,http://hdl.handle.net/1903.1/31546
umd:678018,http://hdl.handle.net/1903.1/31548
umd:678024,http://hdl.handle.net/1903.1/31549
umd:678027,http://hdl.handle.net/1903.1/31550
umd:678032,http://hdl.handle.net/1903.1/31551
umd:678054,http://hdl.handle.net/1903.1/31552
umd:678391,http://hdl.handle.net/1903.1/31702
umd:678404,http://hdl.handle.net/1903.1/31703
umd:678406,http://hdl.handle.net/1903.1/31705
umd:678421,http://hdl.handle.net/1903.1/31714
umd:678426,http://hdl.handle.net/1903.1/31715
umd:678431,http://hdl.handle.net/1903.1/31716
umd:678432,http://hdl.handle.net/1903.1/31717
umd:678471,http://hdl.handle.net/1903.1/31718
umd:678474,http://hdl.handle.net/1903.1/31719
umd:678481,http://hdl.handle.net/1903.1/31720
umd:678509,http://hdl.handle.net/1903.1/31729
umd:678510,http://hdl.handle.net/1903.1/31730
umd:678517,http://hdl.handle.net/1903.1/31731
umd:678527,http://hdl.handle.net/1903.1/31732
umd:678530,http://hdl.handle.net/1903.1/31733
umd:678533,http://hdl.handle.net/1903.1/31734
umd:678543,http://hdl.handle.net/1903.1/31736
umd:678578,http://hdl.handle.net/1903.1/31744
umd:678591,http://hdl.handle.net/1903.1/31746
umd:678596,http://hdl.handle.net/1903.1/31747
umd:678599,http://hdl.handle.net/1903.1/31748
umd:678641,http://hdl.handle.net/1903.1/31758
umd:678951,http://hdl.handle.net/1903.1/31811
umd:678959,http://hdl.handle.net/1903.1/31813
umd:678962,http://hdl.handle.net/1903.1/31814
umd:678965,http://hdl.handle.net/1903.1/31815
umd:678970,http://hdl.handle.net/1903.1/31816
umd:678973,http://hdl.handle.net/1903.1/31817
umd:678974,http://hdl.handle.net/1903.1/31818
umd:679029,http://hdl.handle.net/1903.1/31828
umd:679033,http://hdl.handle.net/1903.1/31831
umd:679037,http://hdl.handle.net/1903.1/31833
umd:679075,http://hdl.handle.net/1903.1/31834
