updateIdentifier,recordType,order,updateMode,label,pid,member_of
http://fedora.lib.umd.edu/fedora/get/umd:68142/image,File,25,Replace,1861-02-11 p01,umd:68142,umd:67948
http://fedora.lib.umd.edu/fedora/get/umd:68145/image,File,28,Replace,1861-02-11 p04,umd:68145,umd:67948
http://fedora.lib.umd.edu/fedora/get/umd:68015/image,File,15,Replace,1858-11-06 p03,umd:68015,umd:67948
http://fedora.lib.umd.edu/fedora/get/umd:68007/image,File,12,Replace,1858-07-25 p05,umd:68007,umd:67948
http://fedora.lib.umd.edu/fedora/get/umd:68140/image,File,23,Replace,1858-12-30 p04,umd:68140,umd:67948
http://fedora.lib.umd.edu/fedora/get/umd:68136/image,File,19,Replace,1858-12-30,umd:68136,umd:67948
http://fedora.lib.umd.edu/fedora/get/umd:67984/image,File,4,Replace,1858-02-18 p03,umd:67984,umd:67948
http://fedora.lib.umd.edu/fedora/get/umd:67983/image,File,3,Replace,1858-02-18 p02,umd:67983,umd:67948
http://fedora.lib.umd.edu/fedora/get/umd:68013/image,File,13,Replace,1858-11-06 p01,umd:68013,umd:67948
http://fedora.lib.umd.edu/fedora/get/umd:68006/image,File,11,Replace,1858-07-25 p04,umd:68006,umd:67948
http://fedora.lib.umd.edu/fedora/get/umd:68137/image,File,20,Replace,1858-12-30 p01,umd:68137,umd:67948
http://fedora.lib.umd.edu/fedora/get/umd:68139/image,File,22,Replace,1858-12-30 p03,umd:68139,umd:67948
http://fedora.lib.umd.edu/fedora/get/umd:68001/image,File,8,Replace,1858-07-25 p01,umd:68001,umd:67948
http://fedora.lib.umd.edu/fedora/get/umd:68148/image,File,31,Replace,1861-08-04 p02,umd:68148,umd:67948
http://fedora.lib.umd.edu/fedora/get/umd:67982/image,File,2,Replace,1858-02-18 p01,umd:67982,umd:67948
http://fedora.lib.umd.edu/fedora/get/umd:68014/image,File,14,Replace,1858-11-06 p02,umd:68014,umd:67948
http://fedora.lib.umd.edu/fedora/get/umd:68016/image,File,16,Replace,1858-11-06 p04,umd:68016,umd:67948
http://fedora.lib.umd.edu/fedora/get/umd:68146/image,File,29,Replace,1861-08-04,umd:68146,umd:67948
http://fedora.lib.umd.edu/fedora/get/umd:68017/image,File,17,Replace,1858-11-06 p05,umd:68017,umd:67948
http://fedora.lib.umd.edu/fedora/get/umd:67981/image,File,1,Replace,1858-02-18,umd:67981,umd:67948
http://fedora.lib.umd.edu/fedora/get/umd:68002/image,File,9,Replace,1858-07-25 p02,umd:68002,umd:67948
http://fedora.lib.umd.edu/fedora/get/umd:68019/image,File,18,Replace,1858-11-06 p06,umd:68019,umd:67948
http://fedora.lib.umd.edu/fedora/get/umd:67985/image,File,5,Replace,1858-02-18 p04,umd:67985,umd:67948
http://fedora.lib.umd.edu/fedora/get/umd:68147/image,File,30,Replace,1861-08-04 p01,umd:68147,umd:67948
http://fedora.lib.umd.edu/fedora/get/umd:68149/image,File,32,Replace,1861-08-04 p03,umd:68149,umd:67948
http://fedora.lib.umd.edu/fedora/get/umd:68004/image,File,10,Replace,1858-07-25 p03,umd:68004,umd:67948
http://fedora.lib.umd.edu/fedora/get/umd:68138/image,File,21,Replace,1858-12-30 p02,umd:68138,umd:67948
http://fedora.lib.umd.edu/fedora/get/umd:68141/image,File,24,Replace,1858-12-30 p05,umd:68141,umd:67948
http://fedora.lib.umd.edu/fedora/get/umd:68150/image,File,33,Replace,1861-08-04 p04,umd:68150,umd:67948
http://fedora.lib.umd.edu/fedora/get/umd:67986/image,File,6,Replace,1858-02-18 p05,umd:67986,umd:67948
http://fedora.lib.umd.edu/fedora/get/umd:68000/image,File,7,Replace,1858-07-25,umd:68000,umd:67948
http://fedora.lib.umd.edu/fedora/get/umd:68143/image,File,26,Replace,1861-02-11 p02,umd:68143,umd:67948
http://fedora.lib.umd.edu/fedora/get/umd:68144/image,File,27,Replace,1861-02-11 p03,umd:68144,umd:67948
http://fedora.lib.umd.edu/fedora/get/umd:64713/image,File,1,Replace,1862-03-28p01,umd:64713,umd:64498
http://fedora.lib.umd.edu/fedora/get/umd:64722/image,File,10,Replace,1862-12-17p01,umd:64722,umd:64498
http://fedora.lib.umd.edu/fedora/get/umd:64724/image,File,12,Replace,1862-12-17p03,umd:64724,umd:64498
http://fedora.lib.umd.edu/fedora/get/umd:64717/image,File,5,Replace,undated,umd:64717,umd:64498
http://fedora.lib.umd.edu/fedora/get/umd:64716/image,File,4,Replace,envelope,umd:64716,umd:64498
http://fedora.lib.umd.edu/fedora/get/umd:64715/image,File,3,Replace,1862-03-28p03,umd:64715,umd:64498
http://fedora.lib.umd.edu/fedora/get/umd:64721/image,File,9,Replace,1862-11-21p04,umd:64721,umd:64498
http://fedora.lib.umd.edu/fedora/get/umd:64720/image,File,8,Replace,1862-11-21p03,umd:64720,umd:64498
http://fedora.lib.umd.edu/fedora/get/umd:64725/image,File,13,Replace,1862-11-21p01,umd:64725,umd:64498
http://fedora.lib.umd.edu/fedora/get/umd:65375/image,File,6,Replace,1862-11-21p01,umd:65375,umd:64498
http://fedora.lib.umd.edu/fedora/get/umd:64719/image,File,7,Replace,1862-11-21p02,umd:64719,umd:64498
http://fedora.lib.umd.edu/fedora/get/umd:64714/image,File,2,Replace,1862-03-28p02,umd:64714,umd:64498
http://fedora.lib.umd.edu/fedora/get/umd:64723/image,File,11,Replace,1862-12-17p02,umd:64723,umd:64498
http://fedora.lib.umd.edu/fedora/get/umd:64847/image,File,25,Replace,1863-03-22p03,umd:64847,umd:64501
http://fedora.lib.umd.edu/fedora/get/umd:64866/image,File,42,Replace,1863-11-06p04,umd:64866,umd:64501
http://fedora.lib.umd.edu/fedora/get/umd:64740/image,File,12,Replace,1863-02-02p04,umd:64740,umd:64501
http://fedora.lib.umd.edu/fedora/get/umd:64841/image,File,19,Replace,1863-02-24p04,umd:64841,umd:64501
http://fedora.lib.umd.edu/fedora/get/umd:64730/image,File,4,Replace,1863-01-17p04,umd:64730,umd:64501
http://fedora.lib.umd.edu/fedora/get/umd:64859/image,File,35,Replace,1863-10-27p01,umd:64859,umd:64501
http://fedora.lib.umd.edu/fedora/get/umd:64836/image,File,14,Replace,1863-02-08p02,umd:64836,umd:64501
http://fedora.lib.umd.edu/fedora/get/umd:64835/image,File,13,Replace,1863-02-08p01,umd:64835,umd:64501
http://fedora.lib.umd.edu/fedora/get/umd:64735/image,File,8,Replace,1863-01-26p04,umd:64735,umd:64501
http://fedora.lib.umd.edu/fedora/get/umd:64860/image,File,36,Replace,1863-10-27p02,umd:64860,umd:64501
http://fedora.lib.umd.edu/fedora/get/umd:64844/image,File,22,Replace,1863-03-18p03,umd:64844,umd:64501
http://fedora.lib.umd.edu/fedora/get/umd:64738/image,File,11,Replace,1863-02-02p03,umd:64738,umd:64501
http://fedora.lib.umd.edu/fedora/get/umd:64853/image,File,31,Replace,1863-04-29p01,umd:64853,umd:64501
http://fedora.lib.umd.edu/fedora/get/umd:64728/image,File,2,Replace,1863-01-17p02,umd:64728,umd:64501
http://fedora.lib.umd.edu/fedora/get/umd:64851/image,File,29,Replace,1863-03-30p03,umd:64851,umd:64501
http://fedora.lib.umd.edu/fedora/get/umd:64839/image,File,17,Replace,1863-02-24p02,umd:64839,umd:64501
http://fedora.lib.umd.edu/fedora/get/umd:64850/image,File,28,Replace,1863-03-30p02,umd:64850,umd:64501
http://fedora.lib.umd.edu/fedora/get/umd:64732/image,File,5,Replace,1863-01-26p01,umd:64732,umd:64501
http://fedora.lib.umd.edu/fedora/get/umd:64855/image,File,33,Replace,1863-04-29p03,umd:64855,umd:64501
http://fedora.lib.umd.edu/fedora/get/umd:64868/image,File,44,Replace,1863-12-17p02,umd:64868,umd:64501
http://fedora.lib.umd.edu/fedora/get/umd:64854/image,File,32,Replace,1863-04-29p02,umd:64854,umd:64501
http://fedora.lib.umd.edu/fedora/get/umd:64736/image,File,9,Replace,1863-02-02p1,umd:64736,umd:64501
http://fedora.lib.umd.edu/fedora/get/umd:64863/image,File,39,Replace,1863-11-06p01,umd:64863,umd:64501
http://fedora.lib.umd.edu/fedora/get/umd:64846/image,File,24,Replace,1863-03-22p02,umd:64846,umd:64501
http://fedora.lib.umd.edu/fedora/get/umd:64852/image,File,30,Replace,1863-03-30p04,umd:64852,umd:64501
http://fedora.lib.umd.edu/fedora/get/umd:64849/image,File,27,Replace,1863-03-30p01,umd:64849,umd:64501
http://fedora.lib.umd.edu/fedora/get/umd:64727/image,File,1,Replace,1863-01-17p01,umd:64727,umd:64501
http://fedora.lib.umd.edu/fedora/get/umd:64837/image,File,15,Replace,1863-02-08p03,umd:64837,umd:64501
http://fedora.lib.umd.edu/fedora/get/umd:64845/image,File,23,Replace,1863-03-22p01,umd:64845,umd:64501
http://fedora.lib.umd.edu/fedora/get/umd:64867/image,File,43,Replace,1863-12-17p01,umd:64867,umd:64501
http://fedora.lib.umd.edu/fedora/get/umd:64729/image,File,3,Replace,1863-01-17p03,umd:64729,umd:64501
http://fedora.lib.umd.edu/fedora/get/umd:64733/image,File,6,Replace,1863-01-26p02,umd:64733,umd:64501
http://fedora.lib.umd.edu/fedora/get/umd:64842/image,File,20,Replace,1863-03-18p01,umd:64842,umd:64501
http://fedora.lib.umd.edu/fedora/get/umd:64843/image,File,21,Replace,1863-03-18p02,umd:64843,umd:64501
http://fedora.lib.umd.edu/fedora/get/umd:64838/image,File,16,Replace,1863-02-24p01,umd:64838,umd:64501
http://fedora.lib.umd.edu/fedora/get/umd:64862/image,File,38,Replace,1863-10-27p04,umd:64862,umd:64501
http://fedora.lib.umd.edu/fedora/get/umd:64869/image,File,45,Replace,1863-12-17p03,umd:64869,umd:64501
http://fedora.lib.umd.edu/fedora/get/umd:64864/image,File,40,Replace,1863-11-06p02,umd:64864,umd:64501
http://fedora.lib.umd.edu/fedora/get/umd:64840/image,File,18,Replace,1863-02-24p03,umd:64840,umd:64501
http://fedora.lib.umd.edu/fedora/get/umd:64865/image,File,41,Replace,1863-11-06p03,umd:64865,umd:64501
http://fedora.lib.umd.edu/fedora/get/umd:64848/image,File,26,Replace,1863-03-22p04,umd:64848,umd:64501
http://fedora.lib.umd.edu/fedora/get/umd:64870/image,File,46,Replace,1863-12-17p04,umd:64870,umd:64501
http://fedora.lib.umd.edu/fedora/get/umd:64737/image,File,10,Replace,1863-02-02p02,umd:64737,umd:64501
http://fedora.lib.umd.edu/fedora/get/umd:64734/image,File,7,Replace,1863-01-26p03,umd:64734,umd:64501
http://fedora.lib.umd.edu/fedora/get/umd:64861/image,File,37,Replace,1863-10-27p02,umd:64861,umd:64501
http://fedora.lib.umd.edu/fedora/get/umd:64856/image,File,34,Replace,1863-04-29p04,umd:64856,umd:64501
http://fedora.lib.umd.edu/fedora/get/umd:64920/image,File,15,Replace,1864-04-04p04,umd:64920,umd:64503
http://fedora.lib.umd.edu/fedora/get/umd:64917/image,File,12,Replace,1864-04-04p01,umd:64917,umd:64503
http://fedora.lib.umd.edu/fedora/get/umd:64934/image,File,23,Replace,1864-04-19p04,umd:64934,umd:64503
http://fedora.lib.umd.edu/fedora/get/umd:64938/image,File,19,Replace,1864-04-18p04,umd:64938,umd:64503
http://fedora.lib.umd.edu/fedora/get/umd:64902/image,File,4,Replace,1864-01-15p04,umd:64902,umd:64503
http://fedora.lib.umd.edu/fedora/get/umd:64901/image,File,3,Replace,1864-01-15p03,umd:64901,umd:64503
http://fedora.lib.umd.edu/fedora/get/umd:64918/image,File,13,Replace,1864-04-04p02,umd:64918,umd:64503
http://fedora.lib.umd.edu/fedora/get/umd:64916/image,File,11,Replace,1864-03-20p03,umd:64916,umd:64503
http://fedora.lib.umd.edu/fedora/get/umd:64921/image,File,20,Replace,1864-04-19p01,umd:64921,umd:64503
http://fedora.lib.umd.edu/fedora/get/umd:64933/image,File,22,Replace,1864-04-19p03,umd:64933,umd:64503
http://fedora.lib.umd.edu/fedora/get/umd:64913/image,File,8,Replace,1864-02-19p04,umd:64913,umd:64503
http://fedora.lib.umd.edu/fedora/get/umd:64900/image,File,2,Replace,1864-01-15p02,umd:64900,umd:64503
http://fedora.lib.umd.edu/fedora/get/umd:64919/image,File,14,Replace,1864-04-04p03,umd:64919,umd:64503
http://fedora.lib.umd.edu/fedora/get/umd:64935/image,File,16,Replace,1864-04-18p01,umd:64935,umd:64503
http://fedora.lib.umd.edu/fedora/get/umd:64936/image,File,17,Replace,1864-04-18p02,umd:64936,umd:64503
http://fedora.lib.umd.edu/fedora/get/umd:64899/image,File,1,Replace,1864-01-15p01,umd:64899,umd:64503
http://fedora.lib.umd.edu/fedora/get/umd:64914/image,File,9,Replace,1864-03-20p01,umd:64914,umd:64503
http://fedora.lib.umd.edu/fedora/get/umd:64937/image,File,18,Replace,1864-04-18p03,umd:64937,umd:64503
http://fedora.lib.umd.edu/fedora/get/umd:64910/image,File,5,Replace,1864-02-19p01,umd:64910,umd:64503
http://fedora.lib.umd.edu/fedora/get/umd:64915/image,File,10,Replace,1864-03-20p02,umd:64915,umd:64503
http://fedora.lib.umd.edu/fedora/get/umd:64932/image,File,21,Replace,1864-04-19p02,umd:64932,umd:64503
http://fedora.lib.umd.edu/fedora/get/umd:64911/image,File,6,Replace,1864-02-19p02,umd:64911,umd:64503
http://fedora.lib.umd.edu/fedora/get/umd:64912/image,File,7,Replace,1864-02-19p03,umd:64912,umd:64503
http://fedora.lib.umd.edu/fedora/get/umd:5370/image,File,42,Replace,Page 42,umd:5370,umd:5328
http://fedora.lib.umd.edu/fedora/get/umd:5340/image,File,12,Replace,Page 12,umd:5340,umd:5328
http://fedora.lib.umd.edu/fedora/get/umd:5347/image,File,19,Replace,Page 19,umd:5347,umd:5328
http://fedora.lib.umd.edu/fedora/get/umd:5424/image,File,96,Replace,Page 96,umd:5424,umd:5328
http://fedora.lib.umd.edu/fedora/get/umd:5332/image,File,4,Replace,Page 4,umd:5332,umd:5328
http://fedora.lib.umd.edu/fedora/get/umd:5378/image,File,50,Replace,Page 50,umd:5378,umd:5328
http://fedora.lib.umd.edu/fedora/get/umd:5442/image,File,114,Replace,Page 114,umd:5442,umd:5328
http://fedora.lib.umd.edu/fedora/get/umd:5341/image,File,13,Replace,Page 13,umd:5341,umd:5328
http://fedora.lib.umd.edu/fedora/get/umd:5349/image,File,21,Replace,Page 21,umd:5349,umd:5328
http://fedora.lib.umd.edu/fedora/get/umd:5397/image,File,69,Replace,Page 69,umd:5397,umd:5328
http://fedora.lib.umd.edu/fedora/get/umd:5404/image,File,76,Replace,Page 76,umd:5404,umd:5328
http://fedora.lib.umd.edu/fedora/get/umd:84537/image,File,91,Replace,Page 91,umd:84537,umd:5328
http://fedora.lib.umd.edu/fedora/get/umd:5468/image,File,140,Replace,Page 140,umd:5468,umd:5328
http://fedora.lib.umd.edu/fedora/get/umd:5421/image,File,93,Replace,Page 93,umd:5421,umd:5328
http://fedora.lib.umd.edu/fedora/get/umd:5339/image,File,11,Replace,Page 11,umd:5339,umd:5328
http://fedora.lib.umd.edu/fedora/get/umd:5359/image,File,31,Replace,Page 31,umd:5359,umd:5328
http://fedora.lib.umd.edu/fedora/get/umd:5330/image,File,2,Replace,Page 2,umd:5330,umd:5328
http://fedora.lib.umd.edu/fedora/get/umd:5460/image,File,132,Replace,Page 132,umd:5460,umd:5328
http://fedora.lib.umd.edu/fedora/get/umd:5357/image,File,29,Replace,Page 29,umd:5357,umd:5328
http://fedora.lib.umd.edu/fedora/get/umd:5345/image,File,17,Replace,Page 17,umd:5345,umd:5328
http://fedora.lib.umd.edu/fedora/get/umd:5356/image,File,28,Replace,Page 28,umd:5356,umd:5328
http://fedora.lib.umd.edu/fedora/get/umd:5394/image,File,66,Replace,Page 66,umd:5394,umd:5328
http://fedora.lib.umd.edu/fedora/get/umd:5441/image,File,113,Replace,Page 113,umd:5441,umd:5328
http://fedora.lib.umd.edu/fedora/get/umd:5444/image,File,116,Replace,Page 116,umd:5444,umd:5328
http://fedora.lib.umd.edu/fedora/get/umd:5440/image,File,112,Replace,Page 112,umd:5440,umd:5328
http://fedora.lib.umd.edu/fedora/get/umd:5361/image,File,33,Replace,Page 33,umd:5361,umd:5328
http://fedora.lib.umd.edu/fedora/get/umd:5427/image,File,99,Replace,Page 99,umd:5427,umd:5328
http://fedora.lib.umd.edu/fedora/get/umd:5422/image,File,94,Replace,Page 94,umd:5422,umd:5328
http://fedora.lib.umd.edu/fedora/get/umd:5458/image,File,130,Replace,Page 130,umd:5458,umd:5328
http://fedora.lib.umd.edu/fedora/get/umd:5396/image,File,68,Replace,Page 68,umd:5396,umd:5328
http://fedora.lib.umd.edu/fedora/get/umd:5367/image,File,39,Replace,Page 39,umd:5367,umd:5328
http://fedora.lib.umd.edu/fedora/get/umd:5473/image,File,145,Replace,Page 145,umd:5473,umd:5328
http://fedora.lib.umd.edu/fedora/get/umd:5384/image,File,56,Replace,Page 56,umd:5384,umd:5328
http://fedora.lib.umd.edu/fedora/get/umd:5334/image,File,6,Replace,Page 6,umd:5334,umd:5328
http://fedora.lib.umd.edu/fedora/get/umd:5430/image,File,102,Replace,Page 102,umd:5430,umd:5328
http://fedora.lib.umd.edu/fedora/get/umd:5437/image,File,109,Replace,Page 109,umd:5437,umd:5328
http://fedora.lib.umd.edu/fedora/get/umd:5354/image,File,26,Replace,Page 26,umd:5354,umd:5328
http://fedora.lib.umd.edu/fedora/get/umd:5355/image,File,27,Replace,Page 27,umd:5355,umd:5328
http://fedora.lib.umd.edu/fedora/get/umd:5412/image,File,84,Replace,Page 84,umd:5412,umd:5328
http://fedora.lib.umd.edu/fedora/get/umd:5457/image,File,129,Replace,Page 129,umd:5457,umd:5328
http://fedora.lib.umd.edu/fedora/get/umd:5364/image,File,36,Replace,Page 36,umd:5364,umd:5328
http://fedora.lib.umd.edu/fedora/get/umd:5395/image,File,67,Replace,Page 67,umd:5395,umd:5328
http://fedora.lib.umd.edu/fedora/get/umd:5376/image,File,48,Replace,Page 48,umd:5376,umd:5328
http://fedora.lib.umd.edu/fedora/get/umd:5414/image,File,86,Replace,Page 86,umd:5414,umd:5328
http://fedora.lib.umd.edu/fedora/get/umd:5398/image,File,70,Replace,Page 70,umd:5398,umd:5328
http://fedora.lib.umd.edu/fedora/get/umd:5381/image,File,53,Replace,Page 53,umd:5381,umd:5328
http://fedora.lib.umd.edu/fedora/get/umd:5417/image,File,89,Replace,Page 89,umd:5417,umd:5328
http://fedora.lib.umd.edu/fedora/get/umd:5387/image,File,59,Replace,Page 59,umd:5387,umd:5328
http://fedora.lib.umd.edu/fedora/get/umd:5371/image,File,43,Replace,Page 43,umd:5371,umd:5328
http://fedora.lib.umd.edu/fedora/get/umd:5433/image,File,105,Replace,Page 105,umd:5433,umd:5328
http://fedora.lib.umd.edu/fedora/get/umd:5446/image,File,118,Replace,Page 118,umd:5446,umd:5328
http://fedora.lib.umd.edu/fedora/get/umd:5428/image,File,100,Replace,Page 100,umd:5428,umd:5328
http://fedora.lib.umd.edu/fedora/get/umd:5471/image,File,143,Replace,Page 143,umd:5471,umd:5328
http://fedora.lib.umd.edu/fedora/get/umd:5456/image,File,128,Replace,Page 128,umd:5456,umd:5328
http://fedora.lib.umd.edu/fedora/get/umd:5352/image,File,24,Replace,Page 24,umd:5352,umd:5328
http://fedora.lib.umd.edu/fedora/get/umd:5379/image,File,51,Replace,Page 51,umd:5379,umd:5328
http://fedora.lib.umd.edu/fedora/get/umd:5403/image,File,75,Replace,Page 75,umd:5403,umd:5328
http://fedora.lib.umd.edu/fedora/get/umd:5413/image,File,85,Replace,Page 85,umd:5413,umd:5328
http://fedora.lib.umd.edu/fedora/get/umd:5426/image,File,98,Replace,Page 98,umd:5426,umd:5328
http://fedora.lib.umd.edu/fedora/get/umd:5368/image,File,40,Replace,Page 40,umd:5368,umd:5328
http://fedora.lib.umd.edu/fedora/get/umd:5415/image,File,87,Replace,Page 87,umd:5415,umd:5328
http://fedora.lib.umd.edu/fedora/get/umd:5346/image,File,18,Replace,Page 18,umd:5346,umd:5328
http://fedora.lib.umd.edu/fedora/get/umd:5411/image,File,83,Replace,Page 83,umd:5411,umd:5328
http://fedora.lib.umd.edu/fedora/get/umd:5474/image,File,146,Replace,Page 146,umd:5474,umd:5328
http://fedora.lib.umd.edu/fedora/get/umd:5391/image,File,63,Replace,Page 63,umd:5391,umd:5328
http://fedora.lib.umd.edu/fedora/get/umd:5400/image,File,72,Replace,Page 72,umd:5400,umd:5328
http://fedora.lib.umd.edu/fedora/get/umd:5466/image,File,138,Replace,Page 138,umd:5466,umd:5328
http://fedora.lib.umd.edu/fedora/get/umd:5462/image,File,134,Replace,Page 134,umd:5462,umd:5328
http://fedora.lib.umd.edu/fedora/get/umd:5390/image,File,62,Replace,Page 62,umd:5390,umd:5328
http://fedora.lib.umd.edu/fedora/get/umd:5449/image,File,121,Replace,Page 121,umd:5449,umd:5328
http://fedora.lib.umd.edu/fedora/get/umd:5464/image,File,136,Replace,Page 136,umd:5464,umd:5328
http://fedora.lib.umd.edu/fedora/get/umd:5362/image,File,34,Replace,Page 34,umd:5362,umd:5328
http://fedora.lib.umd.edu/fedora/get/umd:5353/image,File,25,Replace,Page 25,umd:5353,umd:5328
http://fedora.lib.umd.edu/fedora/get/umd:5435/image,File,107,Replace,Page 107,umd:5435,umd:5328
http://fedora.lib.umd.edu/fedora/get/umd:5401/image,File,73,Replace,Page 73,umd:5401,umd:5328
http://fedora.lib.umd.edu/fedora/get/umd:5386/image,File,58,Replace,Page 58,umd:5386,umd:5328
http://fedora.lib.umd.edu/fedora/get/umd:5454/image,File,126,Replace,Page 126,umd:5454,umd:5328
http://fedora.lib.umd.edu/fedora/get/umd:5377/image,File,49,Replace,Page 49,umd:5377,umd:5328
http://fedora.lib.umd.edu/fedora/get/umd:5416/image,File,88,Replace,Page 88,umd:5416,umd:5328
http://fedora.lib.umd.edu/fedora/get/umd:5363/image,File,35,Replace,Page 35,umd:5363,umd:5328
http://fedora.lib.umd.edu/fedora/get/umd:5342/image,File,14,Replace,Page 14,umd:5342,umd:5328
http://fedora.lib.umd.edu/fedora/get/umd:5452/image,File,124,Replace,Page 124,umd:5452,umd:5328
http://fedora.lib.umd.edu/fedora/get/umd:5369/image,File,41,Replace,Page 41,umd:5369,umd:5328
http://fedora.lib.umd.edu/fedora/get/umd:5343/image,File,15,Replace,Page 15,umd:5343,umd:5328
http://fedora.lib.umd.edu/fedora/get/umd:5350/image,File,22,Replace,Page 22,umd:5350,umd:5328
http://fedora.lib.umd.edu/fedora/get/umd:5336/image,File,8,Replace,Page 8,umd:5336,umd:5328
http://fedora.lib.umd.edu/fedora/get/umd:5431/image,File,103,Replace,Page 103,umd:5431,umd:5328
http://fedora.lib.umd.edu/fedora/get/umd:5420/image,File,92,Replace,Page 92,umd:5420,umd:5328
http://fedora.lib.umd.edu/fedora/get/umd:5463/image,File,135,Replace,Page 135,umd:5463,umd:5328
http://fedora.lib.umd.edu/fedora/get/umd:5445/image,File,117,Replace,Page 117,umd:5445,umd:5328
http://fedora.lib.umd.edu/fedora/get/umd:5467/image,File,139,Replace,Page 139,umd:5467,umd:5328
http://fedora.lib.umd.edu/fedora/get/umd:5434/image,File,106,Replace,Page 106,umd:5434,umd:5328
http://fedora.lib.umd.edu/fedora/get/umd:5333/image,File,5,Replace,Page 5,umd:5333,umd:5328
http://fedora.lib.umd.edu/fedora/get/umd:5475/image,File,147,Replace,Page 147,umd:5475,umd:5328
http://fedora.lib.umd.edu/fedora/get/umd:5407/image,File,79,Replace,Page 79,umd:5407,umd:5328
http://fedora.lib.umd.edu/fedora/get/umd:5447/image,File,119,Replace,Page 119,umd:5447,umd:5328
http://fedora.lib.umd.edu/fedora/get/umd:5425/image,File,97,Replace,Page 97,umd:5425,umd:5328
http://fedora.lib.umd.edu/fedora/get/umd:5399/image,File,71,Replace,Page 71,umd:5399,umd:5328
http://fedora.lib.umd.edu/fedora/get/umd:5360/image,File,32,Replace,Page 32,umd:5360,umd:5328
http://fedora.lib.umd.edu/fedora/get/umd:5337/image,File,9,Replace,Page 9,umd:5337,umd:5328
http://fedora.lib.umd.edu/fedora/get/umd:5470/image,File,142,Replace,Page 142,umd:5470,umd:5328
http://fedora.lib.umd.edu/fedora/get/umd:5385/image,File,57,Replace,Page 57,umd:5385,umd:5328
http://fedora.lib.umd.edu/fedora/get/umd:5432/image,File,104,Replace,Page 104,umd:5432,umd:5328
http://fedora.lib.umd.edu/fedora/get/umd:5436/image,File,108,Replace,Page 108,umd:5436,umd:5328
http://fedora.lib.umd.edu/fedora/get/umd:5455/image,File,127,Replace,Page 127,umd:5455,umd:5328
http://fedora.lib.umd.edu/fedora/get/umd:5408/image,File,80,Replace,Page 80,umd:5408,umd:5328
http://fedora.lib.umd.edu/fedora/get/umd:5335/image,File,7,Replace,Page 7,umd:5335,umd:5328
http://fedora.lib.umd.edu/fedora/get/umd:5358/image,File,30,Replace,Page 30,umd:5358,umd:5328
http://fedora.lib.umd.edu/fedora/get/umd:5472/image,File,144,Replace,Page 144,umd:5472,umd:5328
http://fedora.lib.umd.edu/fedora/get/umd:5329/image,File,1,Replace,Page 1,umd:5329,umd:5328
http://fedora.lib.umd.edu/fedora/get/umd:5423/image,File,95,Replace,Page 95,umd:5423,umd:5328
http://fedora.lib.umd.edu/fedora/get/umd:5351/image,File,23,Replace,Page 23,umd:5351,umd:5328
http://fedora.lib.umd.edu/fedora/get/umd:5382/image,File,54,Replace,Page 54,umd:5382,umd:5328
http://fedora.lib.umd.edu/fedora/get/umd:5393/image,File,65,Replace,Page 65,umd:5393,umd:5328
http://fedora.lib.umd.edu/fedora/get/umd:5388/image,File,60,Replace,Page 60,umd:5388,umd:5328
http://fedora.lib.umd.edu/fedora/get/umd:5331/image,File,3,Replace,Page 3,umd:5331,umd:5328
http://fedora.lib.umd.edu/fedora/get/umd:5453/image,File,125,Replace,Page 125,umd:5453,umd:5328
http://fedora.lib.umd.edu/fedora/get/umd:5410/image,File,82,Replace,Page 82,umd:5410,umd:5328
http://fedora.lib.umd.edu/fedora/get/umd:5348/image,File,20,Replace,Page 20,umd:5348,umd:5328
http://fedora.lib.umd.edu/fedora/get/umd:5469/image,File,141,Replace,Page 141,umd:5469,umd:5328
http://fedora.lib.umd.edu/fedora/get/umd:5389/image,File,61,Replace,Page 61,umd:5389,umd:5328
http://fedora.lib.umd.edu/fedora/get/umd:5451/image,File,123,Replace,Page 123,umd:5451,umd:5328
http://fedora.lib.umd.edu/fedora/get/umd:5409/image,File,81,Replace,Page 81,umd:5409,umd:5328
http://fedora.lib.umd.edu/fedora/get/umd:5429/image,File,101,Replace,Page 101,umd:5429,umd:5328
http://fedora.lib.umd.edu/fedora/get/umd:5344/image,File,16,Replace,Page 16,umd:5344,umd:5328
http://fedora.lib.umd.edu/fedora/get/umd:5366/image,File,38,Replace,Page 38,umd:5366,umd:5328
http://fedora.lib.umd.edu/fedora/get/umd:5373/image,File,45,Replace,Page 45,umd:5373,umd:5328
http://fedora.lib.umd.edu/fedora/get/umd:5438/image,File,110,Replace,Page 110,umd:5438,umd:5328
http://fedora.lib.umd.edu/fedora/get/umd:5383/image,File,55,Replace,Page 55,umd:5383,umd:5328
http://fedora.lib.umd.edu/fedora/get/umd:5443/image,File,115,Replace,Page 115,umd:5443,umd:5328
http://fedora.lib.umd.edu/fedora/get/umd:5448/image,File,120,Replace,Page 120,umd:5448,umd:5328
http://fedora.lib.umd.edu/fedora/get/umd:5392/image,File,64,Replace,Page 64,umd:5392,umd:5328
http://fedora.lib.umd.edu/fedora/get/umd:5402/image,File,74,Replace,Page 74,umd:5402,umd:5328
http://fedora.lib.umd.edu/fedora/get/umd:5374/image,File,46,Replace,Page 46,umd:5374,umd:5328
http://fedora.lib.umd.edu/fedora/get/umd:5461/image,File,133,Replace,Page 133,umd:5461,umd:5328
http://fedora.lib.umd.edu/fedora/get/umd:5450/image,File,122,Replace,Page 122,umd:5450,umd:5328
http://fedora.lib.umd.edu/fedora/get/umd:5338/image,File,10,Replace,Page 10,umd:5338,umd:5328
http://fedora.lib.umd.edu/fedora/get/umd:5406/image,File,78,Replace,Page 78,umd:5406,umd:5328
http://fedora.lib.umd.edu/fedora/get/umd:5418/image,File,90,Replace,Page 90,umd:5418,umd:5328
http://fedora.lib.umd.edu/fedora/get/umd:5439/image,File,111,Replace,Page 111,umd:5439,umd:5328
http://fedora.lib.umd.edu/fedora/get/umd:5380/image,File,52,Replace,Page 52,umd:5380,umd:5328
http://fedora.lib.umd.edu/fedora/get/umd:5375/image,File,47,Replace,Page 47,umd:5375,umd:5328
http://fedora.lib.umd.edu/fedora/get/umd:5365/image,File,37,Replace,Page 37,umd:5365,umd:5328
http://fedora.lib.umd.edu/fedora/get/umd:5465/image,File,137,Replace,Page 137,umd:5465,umd:5328
http://fedora.lib.umd.edu/fedora/get/umd:5372/image,File,44,Replace,Page 44,umd:5372,umd:5328
http://fedora.lib.umd.edu/fedora/get/umd:5405/image,File,77,Replace,Page 77,umd:5405,umd:5328
http://fedora.lib.umd.edu/fedora/get/umd:5459/image,File,131,Replace,Page 131,umd:5459,umd:5328
http://fedora.lib.umd.edu/fedora/get/umd:50523/image,File,25,Replace,Page 25,umd:50523,umd:50498
http://fedora.lib.umd.edu/fedora/get/umd:50540/image,File,42,Replace,Page 42,umd:50540,umd:50498
http://fedora.lib.umd.edu/fedora/get/umd:50510/image,File,12,Replace,Page 12,umd:50510,umd:50498
http://fedora.lib.umd.edu/fedora/get/umd:50517/image,File,19,Replace,Page 19,umd:50517,umd:50498
http://fedora.lib.umd.edu/fedora/get/umd:50502/image,File,4,Replace,Page 4,umd:50502,umd:50498
http://fedora.lib.umd.edu/fedora/get/umd:50533/image,File,35,Replace,Page 35,umd:50533,umd:50498
http://fedora.lib.umd.edu/fedora/get/umd:50512/image,File,14,Replace,Page 14,umd:50512,umd:50498
http://fedora.lib.umd.edu/fedora/get/umd:50511/image,File,13,Replace,Page 13,umd:50511,umd:50498
http://fedora.lib.umd.edu/fedora/get/umd:50506/image,File,8,Replace,Page 8,umd:50506,umd:50498
http://fedora.lib.umd.edu/fedora/get/umd:50534/image,File,36,Replace,Page 36,umd:50534,umd:50498
http://fedora.lib.umd.edu/fedora/get/umd:50520/image,File,22,Replace,Page 22,umd:50520,umd:50498
http://fedora.lib.umd.edu/fedora/get/umd:50509/image,File,11,Replace,Page 11,umd:50509,umd:50498
http://fedora.lib.umd.edu/fedora/get/umd:50529/image,File,31,Replace,Page 31,umd:50529,umd:50498
http://fedora.lib.umd.edu/fedora/get/umd:50500/image,File,2,Replace,Page 2,umd:50500,umd:50498
http://fedora.lib.umd.edu/fedora/get/umd:50527/image,File,29,Replace,Page 29,umd:50527,umd:50498
http://fedora.lib.umd.edu/fedora/get/umd:50515/image,File,17,Replace,Page 17,umd:50515,umd:50498
http://fedora.lib.umd.edu/fedora/get/umd:50526/image,File,28,Replace,Page 28,umd:50526,umd:50498
http://fedora.lib.umd.edu/fedora/get/umd:50564/image,File,65,Replace,Page 65,umd:50564,umd:50498
http://fedora.lib.umd.edu/fedora/get/umd:50503/image,File,5,Replace,Page 5,umd:50503,umd:50498
http://fedora.lib.umd.edu/fedora/get/umd:50531/image,File,33,Replace,Page 33,umd:50531,umd:50498
http://fedora.lib.umd.edu/fedora/get/umd:50542/image,File,44,Replace,Page 44,umd:50542,umd:50498
http://fedora.lib.umd.edu/fedora/get/umd:50530/image,File,32,Replace,Page 32,umd:50530,umd:50498
http://fedora.lib.umd.edu/fedora/get/umd:50507/image,File,9,Replace,Page 9,umd:50507,umd:50498
http://fedora.lib.umd.edu/fedora/get/umd:50556/image,File,57,Replace,Page 57,umd:50556,umd:50498
http://fedora.lib.umd.edu/fedora/get/umd:50537/image,File,39,Replace,Page 39,umd:50537,umd:50498
http://fedora.lib.umd.edu/fedora/get/umd:50555/image,File,56,Replace,Page 56,umd:50555,umd:50498
http://fedora.lib.umd.edu/fedora/get/umd:50554/image,File,55,Replace,Page 55,umd:50554,umd:50498
http://fedora.lib.umd.edu/fedora/get/umd:50522/image,File,24,Replace,Page 24,umd:50522,umd:50498
http://fedora.lib.umd.edu/fedora/get/umd:50528/image,File,30,Replace,Page 30,umd:50528,umd:50498
http://fedora.lib.umd.edu/fedora/get/umd:50525/image,File,27,Replace,Page 27,umd:50525,umd:50498
http://fedora.lib.umd.edu/fedora/get/umd:50499/image,File,1,Replace,Page 1,umd:50499,umd:50498
http://fedora.lib.umd.edu/fedora/get/umd:50513/image,File,15,Replace,Page 15,umd:50513,umd:50498
http://fedora.lib.umd.edu/fedora/get/umd:50547/image,File,48,Replace,Page 48,umd:50547,umd:50498
http://fedora.lib.umd.edu/fedora/get/umd:50546/image,File,47,Replace,Page 47,umd:50546,umd:50498
http://fedora.lib.umd.edu/fedora/get/umd:50521/image,File,23,Replace,Page 23,umd:50521,umd:50498
http://fedora.lib.umd.edu/fedora/get/umd:50552/image,File,53,Replace,Page 53,umd:50552,umd:50498
http://fedora.lib.umd.edu/fedora/get/umd:50551/image,File,52,Replace,Page 52,umd:50551,umd:50498
http://fedora.lib.umd.edu/fedora/get/umd:50557/image,File,58,Replace,Page 58,umd:50557,umd:50498
http://fedora.lib.umd.edu/fedora/get/umd:50558/image,File,59,Replace,Page 59,umd:50558,umd:50498
http://fedora.lib.umd.edu/fedora/get/umd:50541/image,File,43,Replace,Page 43,umd:50541,umd:50498
http://fedora.lib.umd.edu/fedora/get/umd:50501/image,File,3,Replace,Page 3,umd:50501,umd:50498
http://fedora.lib.umd.edu/fedora/get/umd:50504/image,File,6,Replace,Page 6,umd:50504,umd:50498
http://fedora.lib.umd.edu/fedora/get/umd:50518/image,File,20,Replace,Page 20,umd:50518,umd:50498
http://fedora.lib.umd.edu/fedora/get/umd:50559/image,File,60,Replace,Page 60,umd:50559,umd:50498
http://fedora.lib.umd.edu/fedora/get/umd:50519/image,File,21,Replace,Page 21,umd:50519,umd:50498
http://fedora.lib.umd.edu/fedora/get/umd:50549/image,File,50,Replace,Page 50,umd:50549,umd:50498
http://fedora.lib.umd.edu/fedora/get/umd:50514/image,File,16,Replace,Page 16,umd:50514,umd:50498
http://fedora.lib.umd.edu/fedora/get/umd:50536/image,File,38,Replace,Page 38,umd:50536,umd:50498
http://fedora.lib.umd.edu/fedora/get/umd:50548/image,File,49,Replace,Page49,umd:50548,umd:50498
http://fedora.lib.umd.edu/fedora/get/umd:50543/image,File,45,Replace,Page 45,umd:50543,umd:50498
http://fedora.lib.umd.edu/fedora/get/umd:50553/image,File,54,Replace,Page 54,umd:50553,umd:50498
http://fedora.lib.umd.edu/fedora/get/umd:50538/image,File,40,Replace,Page 40,umd:50538,umd:50498
http://fedora.lib.umd.edu/fedora/get/umd:50516/image,File,18,Replace,Page 18,umd:50516,umd:50498
http://fedora.lib.umd.edu/fedora/get/umd:50539/image,File,41,Replace,Page 41,umd:50539,umd:50498
http://fedora.lib.umd.edu/fedora/get/umd:50524/image,File,26,Replace,Page 26,umd:50524,umd:50498
http://fedora.lib.umd.edu/fedora/get/umd:50561/image,File,62,Replace,Page 62,umd:50561,umd:50498
http://fedora.lib.umd.edu/fedora/get/umd:50544/image,File,46,Replace,Page 46,umd:50544,umd:50498
http://fedora.lib.umd.edu/fedora/get/umd:50508/image,File,10,Replace,Page 10,umd:50508,umd:50498
http://fedora.lib.umd.edu/fedora/get/umd:50560/image,File,61,Replace,Page 61,umd:50560,umd:50498
http://fedora.lib.umd.edu/fedora/get/umd:50562/image,File,63,Replace,Page 63,umd:50562,umd:50498
http://fedora.lib.umd.edu/fedora/get/umd:50550/image,File,51,Replace,Page 51,umd:50550,umd:50498
http://fedora.lib.umd.edu/fedora/get/umd:50505/image,File,7,Replace,Page 7,umd:50505,umd:50498
http://fedora.lib.umd.edu/fedora/get/umd:50565/image,File,66,Replace,Page 66,umd:50565,umd:50498
http://fedora.lib.umd.edu/fedora/get/umd:50535/image,File,37,Replace,Page 37,umd:50535,umd:50498
http://fedora.lib.umd.edu/fedora/get/umd:50563/image,File,64,Replace,Page 64,umd:50563,umd:50498
http://fedora.lib.umd.edu/fedora/get/umd:50532/image,File,34,Replace,Page 34,umd:50532,umd:50498
http://fedora.lib.umd.edu/fedora/get/umd:259942/image,File,1,Replace,Image,umd:259942,umd:259938
http://fedora.lib.umd.edu/fedora/get/umd:259943/image,File,2,Replace,Image,umd:259943,umd:259938
http://fedora.lib.umd.edu/fedora/get/umd:259945/image,File,4,Replace,Image,umd:259945,umd:259938
http://fedora.lib.umd.edu/fedora/get/umd:259944/image,File,3,Replace,Image,umd:259944,umd:259938
http://fedora.lib.umd.edu/fedora/get/umd:259809/image,File,1,Replace,Image,umd:259809,umd:259800
http://fedora.lib.umd.edu/fedora/get/umd:259810/image,File,2,Replace,Image,umd:259810,umd:259800
http://fedora.lib.umd.edu/fedora/get/umd:259812/image,File,3,Replace,Image,umd:259812,umd:259800
http://fedora.lib.umd.edu/fedora/get/umd:259913/image,File,1,Replace,Image,umd:259913,umd:259909
http://fedora.lib.umd.edu/fedora/get/umd:259914/image,File,2,Replace,Image,umd:259914,umd:259909
http://fedora.lib.umd.edu/fedora/get/umd:259916/image,File,4,Replace,Image,umd:259916,umd:259909
http://fedora.lib.umd.edu/fedora/get/umd:259915/image,File,3,Replace,Image,umd:259915,umd:259909
http://fedora.lib.umd.edu/fedora/get/umd:259935/image,File,1,Replace,Image,umd:259935,umd:259931
http://fedora.lib.umd.edu/fedora/get/umd:259936/image,File,2,Replace,Image,umd:259936,umd:259931
http://fedora.lib.umd.edu/fedora/get/umd:259928/image,File,1,Replace,Image,umd:259928,umd:259920
http://fedora.lib.umd.edu/fedora/get/umd:259929/image,File,2,Replace,Image,umd:259929,umd:259920
http://fedora.lib.umd.edu/fedora/get/umd:259798/image,File,1,Replace,Image,umd:259798,umd:259793
